{
    "loss": 8.020668983459473,
    "accuracy": 0.5035971403121948
}